{
  "info": {
    "name": "Train Ticket Management System API",
    "description": "Complete API collection for TTMS",
    "schema": "https://schema.getpostman.com/json/collection/v2.1.0/collection.json"
  },
  "item": [
    {
      "name": "Authentication",
      "item": [
        {
          "name": "Admin Login",
          "request": {
            "method": "POST",
            "header": [{"key": "Content-Type", "value": "application/json"}],
            "body": {
              "mode": "raw",
              "raw": "{\n  \"username\": \"admin\",\n  \"password\": \"admin123\"\n}"
            },
            "url": {"raw": "http://localhost:8080/api/auth/admin/login"}
          }
        },
        {
          "name": "Customer Login",
          "request": {
            "method": "POST",
            "header": [{"key": "Content-Type", "value": "application/json"}],
            "body": {
              "mode": "raw",
              "raw": "{\n  \"username\": \"john@example.com\",\n  \"password\": \"pass123\"\n}"
            },
            "url": {"raw": "http://localhost:8080/api/auth/customer/login"}
          }
        }
      ]
    },
    {
      "name": "Customer Management",
      "item": [
        {
          "name": "Register Customer",
          "request": {
            "method": "POST",
            "header": [{"key": "Content-Type", "value": "application/json"}],
            "body": {
              "mode": "raw",
              "raw": "{\n  \"name\": \"John Doe\",\n  \"email\": \"john@example.com\",\n  \"phoneNumber\": \"1234567890\",\n  \"address\": \"123 Main St, City\",\n  \"password\": \"pass123\"\n}"
            },
            "url": {"raw": "http://localhost:8080/api/customers/register"}
          }
        },
        {
          "name": "Get Customer",
          "request": {
            "method": "GET",
            "url": {"raw": "http://localhost:8080/api/customers/1"}
          }
        },
        {
          "name": "Update Customer",
          "request": {
            "method": "PUT",
            "header": [{"key": "Content-Type", "value": "application/json"}],
            "body": {
              "mode": "raw",
              "raw": "{\n  \"name\": \"John Doe Updated\",\n  \"email\": \"john@example.com\",\n  \"phoneNumber\": \"9876543210\",\n  \"address\": \"456 New St, City\",\n  \"password\": \"newpass123\"\n}"
            },
            "url": {"raw": "http://localhost:8080/api/customers/1"}
          }
        },
        {
          "name": "Deactivate Customer",
          "request": {
            "method": "DELETE",
            "url": {"raw": "http://localhost:8080/api/customers/1"}
          }
        }
      ]
    },
    {
      "name": "Train Management (Admin)",
      "item": [
        {
          "name": "Register Train",
          "request": {
            "method": "POST",
            "header": [{"key": "Content-Type", "value": "application/json"}],
            "body": {
              "mode": "raw",
              "raw": "{\n  \"trainNumber\": \"12345\",\n  \"trainName\": \"Mumbai Express\",\n  \"originStation\": \"Mumbai\",\n  \"destinationStation\": \"Delhi\",\n  \"intermediateStops\": [\"Surat\", \"Vadodara\", \"Ahmedabad\"],\n  \"departureTime\": \"2025-11-08T10:00:00\",\n  \"arrivalTime\": \"2025-11-08T20:00:00\",\n  \"sleeperSeats\": 100,\n  \"acSeats\": 50,\n  \"sleeperFare\": 500.0,\n  \"acFare\": 1000.0\n}"
            },
            "url": {"raw": "http://localhost:8080/api/admin/trains"}
          }
        },
        {
          "name": "Get All Trains",
          "request": {
            "method": "GET",
            "url": {"raw": "http://localhost:8080/api/admin/trains"}
          }
        },
        {
          "name": "Update Train",
          "request": {
            "method": "PUT",
            "header": [{"key": "Content-Type", "value": "application/json"}],
            "body": {
              "mode": "raw",
              "raw": "{\n  \"trainNumber\": \"12345\",\n  \"trainName\": \"Mumbai Super Express\",\n  \"originStation\": \"Mumbai\",\n  \"destinationStation\": \"Delhi\",\n  \"intermediateStops\": [\"Surat\", \"Vadodara\"],\n  \"departureTime\": \"2025-11-08T09:00:00\",\n  \"arrivalTime\": \"2025-11-08T19:00:00\",\n  \"sleeperSeats\": 120,\n  \"acSeats\": 60,\n  \"sleeperFare\": 550.0,\n  \"acFare\": 1100.0\n}"
            },
            "url": {"raw": "http://localhost:8080/api/admin/trains/12345"}
          }
        },
        {
          "name": "Delete Train",
          "request": {
            "method": "DELETE",
            "url": {"raw": "http://localhost:8080/api/admin/trains/12345"}
          }
        }
      ]
    },
    {
      "name": "Train Search (Public)",
      "item": [
        {
          "name": "Search Trains",
          "request": {
            "method": "POST",
            "header": [{"key": "Content-Type", "value": "application/json"}],
            "body": {
              "mode": "raw",
              "raw": "{\n  \"originStation\": \"Mumbai\",\n  \"destinationStation\": \"Delhi\",\n  \"travelDate\": \"2025-12-01\"\n}"
            },
            "url": {"raw": "http://localhost:8080/api/trains/search"}
          }
        },
        {
          "name": "Get All Trains",
          "request": {
            "method": "GET",
            "url": {"raw": "http://localhost:8080/api/trains"}
          }
        },
        {
          "name": "Get Train by Number",
          "request": {
            "method": "GET",
            "url": {"raw": "http://localhost:8080/api/trains/12345"}
          }
        }
      ]
    },
    {
      "name": "Booking Management",
      "item": [
        {
          "name": "Book Ticket",
          "request": {
            "method": "POST",
            "header": [{"key": "Content-Type", "value": "application/json"}],
            "body": {
              "mode": "raw",
              "raw": "{\n  \"customerId\": 1,\n  \"trainNumber\": \"12345\",\n  \"originStation\": \"Mumbai\",\n  \"destinationStation\": \"Delhi\",\n  \"travelDate\": \"2025-12-01\",\n  \"travelClass\": \"SLEEPER\",\n  \"numberOfSeats\": 2\n}"
            },
            "url": {"raw": "http://localhost:8080/api/bookings"}
          }
        },
        {
          "name": "Cancel Ticket",
          "request": {
            "method": "POST",
            "header": [{"key": "Content-Type", "value": "application/json"}],
            "body": {
              "mode": "raw",
              "raw": "{\n  \"ticketId\": \"TKT12AB34CD\",\n  \"password\": \"pass123\",\n  \"customerId\": 1\n}"
            },
            "url": {"raw": "http://localhost:8080/api/bookings/cancel"}
          }
        },
        {
          "name": "Get Booking History",
          "request": {
            "method": "GET",
            "url": {"raw": "http://localhost:8080/api/bookings/customer/1"}
          }
        },
        {
          "name": "Get Booking by Ticket ID",
          "request": {
            "method": "GET",
            "url": {"raw": "http://localhost:8080/api/bookings/ticket/TKT12AB34CD"}
          }
        }
      ]
    }
  ]
}

